Period,EmpID,Name,Position,BasicSalary,Allowances,GrossIncome,SSS,PhilHealth,PagIBIG,Tax,NetPay,Status
March 2026,10001,Manuel III Garcia,Chief Executive Officer,90000.00,4500.00,63154.15,1750.00,2250.00,200.00,6582.56,52371.59,PAID
March 2026,10002,Antonio Lim,Chief Operating Officer,60000.00,4500.00,44737.01,1750.00,1500.00,200.00,3049.14,38237.87,PAID
March 2026,10003,Bianca Sofia Aquino,Chief Finance Officer,60000.00,4500.00,44774.00,1750.00,1500.00,200.00,3056.53,38267.47,PAID
March 2026,10004,Isabella Reyes,Chief Marketing Officer,60000.00,4500.00,44774.00,1750.00,1500.00,200.00,3056.53,38267.47,PAID
March 2026,10005,Eduard Hernandez,IT Operations and Systems,52670.00,3500.00,37818.44,1750.00,1316.75,200.00,1745.30,32806.39,PAID
March 2026,10006,Andrea Mae Villanueva,HR Manager,52670.00,3500.00,38853.80,1750.00,1316.75,200.00,1909.14,33677.91,PAID
March 2026,10007,Brad San Jose,HR Team Leader,42975.00,3100.00,31946.20,1750.00,1074.38,200.00,900.82,28021.00,PAID
March 2026,10008,Alice Romualdez,HR Rank and File,22500.00,2500.00,17602.70,1125.00,562.50,200.00,0.00,15715.20,PAID
March 2026,10009,Rosie Atienza,HR Rank and File,22500.00,2500.00,17602.70,1125.00,562.50,200.00,0.00,15715.20,PAID
March 2026,10010,Roderick Alvaro,Accounting Head,52670.00,3500.00,38853.80,1750.00,1316.75,200.00,1909.14,33677.91,PAID
March 2026,10011,Anthony Salcedo,Payroll Manager,50825.00,3500.00,37615.40,1750.00,1270.63,200.00,1721.77,32673.00,PAID
March 2026,10012,Josie Lopez,Payroll Team Leader,38475.00,3100.00,28925.70,1750.00,961.88,200.00,464.62,25549.20,PAID
March 2026,10013,Martha Farala,Payroll Rank and File,24000.00,2500.00,18609.60,1200.00,600.00,200.00,0.00,16609.60,PAID
March 2026,10014,Leila Martinez,Payroll Rank and File,24000.00,2500.00,18609.60,1200.00,600.00,200.00,0.00,16609.60,PAID
March 2026,10015,Fredrick Romualdez,Account Manager,53500.00,3500.00,39411.00,1750.00,1337.50,200.00,2016.43,34107.07,PAID
March 2026,10016,Christian Mata,Account Team Leader,42975.00,3100.00,31946.20,1750.00,1074.38,200.00,900.82,28021.00,PAID
March 2026,10017,Selena De Leon,Account Team Leader,41850.00,3100.00,31191.10,1750.00,1046.25,200.00,791.78,27403.07,PAID
March 2026,10018,Allison San Jose,Account Rank and File,22500.00,2500.00,17602.70,1125.00,562.50,200.00,0.00,15715.20,PAID
March 2026,10019,Cydney Rosario,Account Rank and File,22500.00,2500.00,17602.70,1125.00,562.50,200.00,0.00,15715.20,PAID
March 2026,10020,Mark Bautista,Account Rank and File,23250.00,2500.00,18106.20,1175.00,581.25,200.00,0.00,16149.95,PAID
March 2026,10021,Darlene Lazaro,Account Rank and File,23250.00,2500.00,18106.20,1175.00,581.25,200.00,0.00,16149.95,PAID
March 2026,10022,Kolby Delos Santos,Account Rank and File,24000.00,2500.00,18609.60,1200.00,600.00,200.00,0.00,16609.60,PAID
March 2026,10023,Vella Santos,Account Rank and File,22500.00,2500.00,17602.70,1125.00,562.50,200.00,0.00,15715.20,PAID
March 2026,10024,Tomas Del Rosario,Account Rank and File,22500.00,2500.00,17602.70,1125.00,562.50,200.00,0.00,15715.20,PAID
March 2026,10025,Jacklyn Tolentino,Account Rank and File,24000.00,2500.00,18609.60,1200.00,600.00,200.00,0.00,16609.60,PAID
March 2026,10026,Percival Gutierrez,Account Rank and File,24750.00,2500.00,19113.00,1250.00,618.75,200.00,0.00,17044.25,PAID
March 2026,10027,Garfield Manalaysay,Account Rank and File,24750.00,2500.00,19113.00,1250.00,618.75,200.00,0.00,17044.25,PAID
March 2026,10028,Lizeth Villegas,Account Rank and File,24000.00,2500.00,18609.60,1200.00,600.00,200.00,0.00,16609.60,PAID
March 2026,10029,Carol Ramos,Account Rank and File,22500.00,2500.00,17602.70,1125.00,562.50,200.00,0.00,15715.20,PAID
March 2026,10030,Emelia Maceda,Account Rank and File,22500.00,2500.00,17602.70,1125.00,562.50,200.00,0.00,15715.20,PAID
March 2026,10031,Delia Aguilar,Account Rank and File,22500.00,2500.00,17602.70,1125.00,562.50,200.00,0.00,15715.20,PAID
March 2026,10032,John Rafael Castro,Sales & Marketing,52670.00,3500.00,38853.80,1750.00,1316.75,200.00,1909.14,33677.91,PAID
March 2026,10033,Carlos Ian Martinez,Supply Chain and Logistics,52670.00,3500.00,38853.80,1750.00,1316.75,200.00,1909.14,33677.91,PAID
March 2026,10034,Beatriz Santos,Customer Service and Relations,52670.00,3500.00,38918.74,1750.00,1316.75,200.00,1922.13,33729.86,PAID
March 2026,10035,asdads asdasdadsads,HR Manager,1111.00,2333.00,3078.70,250.00,250.00,11.11,0.00,2567.59,PAID
March 2026,10036,Abigai asdasd,Accounting Head,1234.00,6678987.00,6679815.30,250.00,250.00,12.34,2287060.22,4392242.74,PAID
March 2026,10038,ddasddasd asdadsadsads,IT Operations and Systems,233333.00,600.00,157220.80,1750.00,2500.00,200.00,29967.75,122803.05,PAID
March 2026,10039,Juan Delacruz,IT Operations and Systems,0.00,3500.00,3500.00,0.00,0.00,0.00,0.00,3500.00,PAID
March 2026,10041,dsdfsdf dfssdfssdf,Chief Operating Officer,60000.00,4500.00,44774.00,1750.00,1500.00,200.00,3056.53,38267.47,PAID
June 2026,10001,Manuel III Garcia,Chief Executive Officer,90000.00,4500.00,29404.20,1750.00,2250.00,200.00,343.18,24861.02,PAID
June 2026,10002,Antonio Lim,Chief Operating Officer,60000.00,4500.00,21102.80,1750.00,1500.00,200.00,0.00,17652.80,PAID
June 2026,10003,Bianca Sofia Aquino,Chief Finance Officer,60000.00,4500.00,21102.80,1750.00,1500.00,200.00,0.00,17652.80,PAID
June 2026,10004,Isabella Reyes,Chief Marketing Officer,60000.00,4500.00,21102.80,1750.00,1500.00,200.00,0.00,17652.80,PAID
June 2026,10005,Eduard Hernandez,IT Operations and Systems,52670.00,3500.00,18074.36,1750.00,1316.75,200.00,0.00,14807.61,PAID
June 2026,10006,Andrea Mae Villanueva,HR Manager,52670.00,3500.00,18074.36,1750.00,1316.75,200.00,0.00,14807.61,PAID
June 2026,10007,Brad San Jose,HR Team Leader,42975.00,3100.00,14991.64,1750.00,1074.38,200.00,0.00,11967.26,PAID
June 2026,10008,Alice Romualdez,HR Rank and File,22500.00,2500.00,8725.94,1125.00,562.50,200.00,0.00,6838.44,PAID
June 2026,10009,Rosie Atienza,HR Rank and File,22500.00,2500.00,8725.94,1125.00,562.50,200.00,0.00,6838.44,PAID
June 2026,10010,Roderick Alvaro,Accounting Head,52670.00,3500.00,18074.36,1750.00,1316.75,200.00,0.00,14807.61,PAID
June 2026,10011,Anthony Salcedo,Payroll Manager,50825.00,3500.00,17563.88,1750.00,1270.63,200.00,0.00,14343.25,PAID
June 2026,10012,Josie Lopez,Payroll Team Leader,38475.00,3100.00,13746.54,1750.00,961.88,200.00,0.00,10834.66,PAID
June 2026,10013,Martha Farala,Payroll Rank and File,24000.00,2500.00,9141.12,1200.00,600.00,200.00,0.00,7141.12,PAID
June 2026,10014,Leila Martinez,Payroll Rank and File,24000.00,2500.00,9141.12,1200.00,600.00,200.00,0.00,7141.12,PAID
June 2026,10015,Fredrick Romualdez,Account Manager,53500.00,3500.00,18304.20,1750.00,1337.50,200.00,0.00,15016.70,PAID
June 2026,10016,Christian Mata,Account Team Leader,42975.00,3100.00,14991.64,1750.00,1074.38,200.00,0.00,11967.26,PAID
June 2026,10017,Selena De Leon,Account Team Leader,41850.00,3100.00,14680.42,1750.00,1046.25,200.00,0.00,11684.17,PAID
June 2026,10018,Allison San Jose,Account Rank and File,22500.00,2500.00,8725.94,1125.00,562.50,200.00,0.00,6838.44,PAID
June 2026,10019,Cydney Rosario,Account Rank and File,22500.00,2500.00,8725.94,1125.00,562.50,200.00,0.00,6838.44,PAID
June 2026,10020,Mark Bautista,Account Rank and File,23250.00,2500.00,8933.64,1175.00,581.25,200.00,0.00,6977.39,PAID
June 2026,10021,Darlene Lazaro,Account Rank and File,23250.00,2500.00,8933.64,1175.00,581.25,200.00,0.00,6977.39,PAID
June 2026,10022,Kolby Delos Santos,Account Rank and File,24000.00,2500.00,9141.12,1200.00,600.00,200.00,0.00,7141.12,PAID
June 2026,10023,Vella Santos,Account Rank and File,22500.00,2500.00,8725.94,1125.00,562.50,200.00,0.00,6838.44,PAID
June 2026,10024,Tomas Del Rosario,Account Rank and File,22500.00,2500.00,8725.94,1125.00,562.50,200.00,0.00,6838.44,PAID
June 2026,10025,Jacklyn Tolentino,Account Rank and File,24000.00,2500.00,9141.12,1200.00,600.00,200.00,0.00,7141.12,PAID
June 2026,10026,Percival Gutierrez,Account Rank and File,24750.00,2500.00,9348.60,1250.00,618.75,200.00,0.00,7279.85,PAID
June 2026,10027,Garfield Manalaysay,Account Rank and File,24750.00,2500.00,9348.60,1250.00,618.75,200.00,0.00,7279.85,PAID
June 2026,10028,Lizeth Villegas,Account Rank and File,24000.00,2500.00,9141.12,1200.00,600.00,200.00,0.00,7141.12,PAID
June 2026,10029,Carol Ramos,Account Rank and File,22500.00,2500.00,8725.94,1125.00,562.50,200.00,0.00,6838.44,PAID
June 2026,10030,Emelia Maceda,Account Rank and File,22500.00,2500.00,8725.94,1125.00,562.50,200.00,0.00,6838.44,PAID
June 2026,10031,Delia Aguilar,Account Rank and File,22500.00,2500.00,8725.94,1125.00,562.50,200.00,0.00,6838.44,PAID
June 2026,10032,John Rafael Castro,Sales & Marketing,52670.00,3500.00,18074.36,1750.00,1316.75,200.00,0.00,14807.61,PAID
June 2026,10033,Carlos Ian Martinez,Supply Chain and Logistics,52670.00,3500.00,18074.36,1750.00,1316.75,200.00,0.00,14807.61,PAID
June 2026,10034,Beatriz Santos,Customer Service and Relations,52670.00,3500.00,18074.36,1750.00,1316.75,200.00,0.00,14807.61,PAID
June 2026,10035,asdads asdasdadsads,HR Manager,1111.00,2333.00,2640.34,250.00,250.00,11.11,0.00,2129.23,PAID
June 2026,10036,Abigai asdasd,Accounting Head,1234.00,6678987.00,6679328.46,250.00,250.00,12.34,2286889.83,4391926.29,PAID
June 2026,10038,ddasddasd asdadsadsads,IT Operations and Systems,233333.00,600.00,65166.16,1750.00,2500.00,200.00,7271.63,53444.53,PAID
June 2026,10039,Juan Delacruz,IT Operations and Systems,0.00,3500.00,3500.00,0.00,0.00,0.00,0.00,3500.00,PAID
June 2026,10041,dsdfsdf dfssdfssdf,Chief Operating Officer,60000.00,4500.00,21102.80,1750.00,1500.00,200.00,0.00,17652.80,PAID
February 2026,10001,Manuel III Garcia,Chief Executive Officer,90000.00,4500.00,35322.00,1750.00,2250.00,200.00,1230.85,29891.15,PAID
February 2026,10002,Antonio Lim,Chief Operating Officer,60000.00,4500.00,25048.00,1750.00,1500.00,200.00,0.00,21598.00,PAID
February 2026,10003,Bianca Sofia Aquino,Chief Finance Officer,60000.00,4500.00,25048.00,1750.00,1500.00,200.00,0.00,21598.00,PAID
February 2026,10004,Isabella Reyes,Chief Marketing Officer,60000.00,4500.00,25048.00,1750.00,1500.00,200.00,0.00,21598.00,PAID
February 2026,10005,Eduard Hernandez,IT Operations and Systems,52670.00,3500.00,21537.60,1750.00,1316.75,200.00,0.00,18270.85,PAID
February 2026,10006,Andrea Mae Villanueva,HR Manager,52670.00,3500.00,21537.60,1750.00,1316.75,200.00,0.00,18270.85,PAID
February 2026,10007,Brad San Jose,HR Team Leader,42975.00,3100.00,17817.40,1750.00,1074.38,200.00,0.00,14793.02,PAID
February 2026,10008,Alice Romualdez,HR Rank and File,22500.00,2500.00,10205.40,1125.00,562.50,200.00,0.00,8317.90,PAID
February 2026,10009,Rosie Atienza,HR Rank and File,22500.00,2500.00,10205.40,1125.00,562.50,200.00,0.00,8317.90,PAID
February 2026,10010,Roderick Alvaro,Accounting Head,52670.00,3500.00,21537.60,1750.00,1316.75,200.00,0.00,18270.85,PAID
February 2026,10011,Anthony Salcedo,Payroll Manager,50825.00,3500.00,20905.80,1750.00,1270.63,200.00,0.00,17685.17,PAID
February 2026,10012,Josie Lopez,Payroll Team Leader,38475.00,3100.00,16276.40,1750.00,961.88,200.00,0.00,13364.52,PAID
February 2026,10013,Martha Farala,Payroll Rank and File,24000.00,2500.00,10719.20,1200.00,600.00,200.00,0.00,8719.20,PAID
February 2026,10014,Leila Martinez,Payroll Rank and File,24000.00,2500.00,10719.20,1200.00,600.00,200.00,0.00,8719.20,PAID
February 2026,10015,Fredrick Romualdez,Account Manager,53500.00,3500.00,21822.00,1750.00,1337.50,200.00,0.00,18534.50,PAID
February 2026,10016,Christian Mata,Account Team Leader,42975.00,3100.00,17817.40,1750.00,1074.38,200.00,0.00,14793.02,PAID
February 2026,10017,Selena De Leon,Account Team Leader,41850.00,3100.00,17432.20,1750.00,1046.25,200.00,0.00,14435.95,PAID
February 2026,10018,Allison San Jose,Account Rank and File,22500.00,2500.00,10205.40,1125.00,562.50,200.00,0.00,8317.90,PAID
February 2026,10019,Cydney Rosario,Account Rank and File,22500.00,2500.00,10205.40,1125.00,562.50,200.00,0.00,8317.90,PAID
February 2026,10020,Mark Bautista,Account Rank and File,23250.00,2500.00,10462.40,1175.00,581.25,200.00,0.00,8506.15,PAID
February 2026,10021,Darlene Lazaro,Account Rank and File,23250.00,2500.00,10462.40,1175.00,581.25,200.00,0.00,8506.15,PAID
February 2026,10022,Kolby Delos Santos,Account Rank and File,24000.00,2500.00,10719.20,1200.00,600.00,200.00,0.00,8719.20,PAID
February 2026,10023,Vella Santos,Account Rank and File,22500.00,2500.00,10205.40,1125.00,562.50,200.00,0.00,8317.90,PAID
February 2026,10024,Tomas Del Rosario,Account Rank and File,22500.00,2500.00,10205.40,1125.00,562.50,200.00,0.00,8317.90,PAID
February 2026,10025,Jacklyn Tolentino,Account Rank and File,24000.00,2500.00,10719.20,1200.00,600.00,200.00,0.00,8719.20,PAID
February 2026,10026,Percival Gutierrez,Account Rank and File,24750.00,2500.00,10976.00,1250.00,618.75,200.00,0.00,8907.25,PAID
February 2026,10027,Garfield Manalaysay,Account Rank and File,24750.00,2500.00,10976.00,1250.00,618.75,200.00,0.00,8907.25,PAID
February 2026,10028,Lizeth Villegas,Account Rank and File,24000.00,2500.00,10719.20,1200.00,600.00,200.00,0.00,8719.20,PAID
February 2026,10029,Carol Ramos,Account Rank and File,22500.00,2500.00,10205.40,1125.00,562.50,200.00,0.00,8317.90,PAID
February 2026,10030,Emelia Maceda,Account Rank and File,22500.00,2500.00,10205.40,1125.00,562.50,200.00,0.00,8317.90,PAID
February 2026,10031,Delia Aguilar,Account Rank and File,22500.00,2500.00,10205.40,1125.00,562.50,200.00,0.00,8317.90,PAID
February 2026,10032,John Rafael Castro,Sales & Marketing,52670.00,3500.00,21537.60,1750.00,1316.75,200.00,0.00,18270.85,PAID
February 2026,10033,Carlos Ian Martinez,Supply Chain and Logistics,52670.00,3500.00,21537.60,1750.00,1316.75,200.00,0.00,18270.85,PAID
February 2026,10034,Beatriz Santos,Customer Service and Relations,52670.00,3500.00,21537.60,1750.00,1316.75,200.00,0.00,18270.85,PAID
February 2026,10035,asdads asdasdadsads,HR Manager,1111.00,2333.00,2713.40,250.00,250.00,11.11,0.00,2202.29,PAID
February 2026,10036,Abigai asdasd,Accounting Head,1234.00,6678987.00,6679409.60,250.00,250.00,12.34,2286918.23,4391979.03,PAID
February 2026,10038,ddasddasd asdadsadsads,IT Operations and Systems,233333.00,600.00,80508.60,1750.00,2500.00,200.00,10789.70,65268.90,PAID
February 2026,10039,Juan Delacruz,IT Operations and Systems,0.00,3500.00,3500.00,0.00,0.00,0.00,0.00,3500.00,PAID
February 2026,10041,dsdfsdf dfssdfssdf,Chief Operating Officer,60000.00,4500.00,25048.00,1750.00,1500.00,200.00,0.00,21598.00,PAID
August 2024,10001,Manuel III Garcia,Chief Executive Officer,90000.00,4500.00,79237.01,1750.00,2250.00,200.00,10113.47,64923.54,PAID
August 2024,10002,Antonio Lim,Chief Operating Officer,60000.00,4500.00,55101.38,1750.00,1500.00,200.00,5122.01,46529.37,PAID
August 2024,10003,Bianca Sofia Aquino,Chief Finance Officer,60000.00,4500.00,55216.45,1750.00,1500.00,200.00,5145.02,46621.43,PAID
August 2024,10004,Isabella Reyes,Chief Marketing Officer,60000.00,4500.00,52869.88,1750.00,1500.00,200.00,4675.71,44744.17,PAID
August 2024,10005,Eduard Hernandez,IT Operations and Systems,52670.00,3500.00,46808.43,1750.00,1316.75,200.00,3500.07,40041.61,PAID
August 2024,10006,Andrea Mae Villanueva,HR Manager,52670.00,3500.00,46234.83,1750.00,1316.75,200.00,3385.35,39582.73,PAID
August 2024,10007,Brad San Jose,HR Team Leader,42975.00,3100.00,38454.28,1750.00,1074.38,200.00,1877.71,33552.19,PAID
August 2024,10008,Alice Romualdez,HR Rank and File,22500.00,2500.00,21161.11,1125.00,562.50,200.00,0.00,19273.61,PAID
August 2024,10009,Rosie Atienza,HR Rank and File,22500.00,2500.00,21093.30,1125.00,562.50,200.00,0.00,19205.80,PAID
August 2024,10010,Roderick Alvaro,Accounting Head,52670.00,3500.00,48550.87,1750.00,1316.75,200.00,3848.56,41435.56,PAID
August 2024,10011,Anthony Salcedo,Payroll Manager,50825.00,3500.00,44208.73,1750.00,1270.63,200.00,2989.35,37998.75,PAID
August 2024,10012,Josie Lopez,Payroll Team Leader,38475.00,3100.00,35679.90,1750.00,961.88,200.00,1477.75,31290.27,PAID
August 2024,10013,Martha Farala,Payroll Rank and File,24000.00,2500.00,22022.20,1200.00,600.00,200.00,0.00,20022.20,PAID
August 2024,10014,Leila Martinez,Payroll Rank and File,24000.00,2500.00,22369.04,1200.00,600.00,200.00,0.00,20369.04,PAID
August 2024,10015,Fredrick Romualdez,Account Manager,53500.00,3500.00,46186.43,1750.00,1337.50,200.00,3371.52,39527.41,PAID
August 2024,10016,Christian Mata,Account Team Leader,42975.00,3100.00,39731.76,1750.00,1074.38,200.00,2133.21,34574.17,PAID
August 2024,10017,Selena De Leon,Account Team Leader,41850.00,3100.00,38721.23,1750.00,1046.25,200.00,1936.73,33788.25,PAID
August 2024,10018,Allison San Jose,Account Rank and File,22500.00,2500.00,21614.20,1125.00,562.50,200.00,0.00,19726.70,PAID
August 2024,10019,Cydney Rosario,Account Rank and File,22500.00,2500.00,21043.99,1125.00,562.50,200.00,0.00,19156.49,PAID
August 2024,10020,Mark Bautista,Account Rank and File,23250.00,2500.00,21251.30,1175.00,581.25,200.00,0.00,19295.05,PAID
August 2024,10021,Darlene Lazaro,Account Rank and File,23250.00,2500.00,21651.01,1175.00,581.25,200.00,0.00,19694.76,PAID
August 2024,10022,Kolby Delos Santos,Account Rank and File,24000.00,2500.00,23130.14,1200.00,600.00,200.00,0.00,21130.14,PAID
August 2024,10023,Vella Santos,Account Rank and File,22500.00,2500.00,20869.84,1125.00,562.50,200.00,0.00,18982.34,PAID
August 2024,10024,Tomas Del Rosario,Account Rank and File,22500.00,2500.00,20557.00,1125.00,562.50,200.00,0.00,18669.50,PAID
August 2024,10025,Jacklyn Tolentino,Account Rank and File,24000.00,2500.00,23026.58,1200.00,600.00,200.00,0.00,21026.58,PAID
August 2024,10026,Percival Gutierrez,Account Rank and File,24750.00,2500.00,22527.15,1250.00,618.75,200.00,0.00,20458.40,PAID
August 2024,10027,Garfield Manalaysay,Account Rank and File,24750.00,2500.00,22688.19,1250.00,618.75,200.00,0.00,20619.44,PAID
August 2024,10028,Lizeth Villegas,Account Rank and File,24000.00,2500.00,21711.51,1200.00,600.00,200.00,0.00,19711.51,PAID
August 2024,10029,Carol Ramos,Account Rank and File,22500.00,2500.00,21903.92,1125.00,562.50,200.00,0.00,20016.42,PAID
August 2024,10030,Emelia Maceda,Account Rank and File,22500.00,2500.00,21447.75,1125.00,562.50,200.00,0.00,19560.25,PAID
August 2024,10031,Delia Aguilar,Account Rank and File,22500.00,2500.00,21829.95,1125.00,562.50,200.00,0.00,19942.45,PAID
August 2024,10032,John Rafael Castro,Sales & Marketing,52670.00,3500.00,48839.47,1750.00,1316.75,200.00,3906.28,41666.44,PAID
August 2024,10033,Carlos Ian Martinez,Supply Chain and Logistics,52670.00,3500.00,47652.59,1750.00,1316.75,200.00,3668.90,40716.94,PAID
August 2024,10034,Beatriz Santos,Customer Service and Relations,52670.00,3500.00,46198.75,1750.00,1316.75,200.00,3378.13,39553.87,PAID
August 2024,10035,asdads asdasdadsads,HR Manager,1111.00,2333.00,2640.34,250.00,250.00,11.11,0.00,2129.23,PAID
August 2024,10036,Abigai asdasd,Accounting Head,1234.00,6678987.00,6679328.46,250.00,250.00,12.34,2286889.83,4391926.29,PAID
August 2024,10038,ddasddasd asdadsadsads,IT Operations and Systems,233333.00,600.00,65166.16,1750.00,2500.00,200.00,7271.63,53444.53,PAID
August 2024,10039,Juan Delacruz,IT Operations and Systems,0.00,3500.00,3500.00,0.00,0.00,0.00,0.00,3500.00,PAID
August 2024,10041,dsdfsdf dfssdfssdf,Chief Operating Officer,60000.00,4500.00,21102.80,1750.00,1500.00,200.00,0.00,17652.80,PAID
January 2024,10001,Manuel III Garcia,Chief Executive Officer,90000.00,4500.00,26445.30,1750.00,2250.00,200.00,0.00,22245.30,PAID
January 2024,10002,Antonio Lim,Chief Operating Officer,60000.00,4500.00,19130.20,1750.00,1500.00,200.00,0.00,15680.20,PAID
January 2024,10003,Bianca Sofia Aquino,Chief Finance Officer,60000.00,4500.00,19130.20,1750.00,1500.00,200.00,0.00,15680.20,PAID
January 2024,10004,Isabella Reyes,Chief Marketing Officer,60000.00,4500.00,19130.20,1750.00,1500.00,200.00,0.00,15680.20,PAID
January 2024,10005,Eduard Hernandez,IT Operations and Systems,52670.00,3500.00,16342.74,1750.00,1316.75,200.00,0.00,13075.99,PAID
January 2024,10006,Andrea Mae Villanueva,HR Manager,52670.00,3500.00,16342.74,1750.00,1316.75,200.00,0.00,13075.99,PAID
January 2024,10007,Brad San Jose,HR Team Leader,42975.00,3100.00,13578.76,1750.00,1074.38,200.00,0.00,10554.38,PAID
January 2024,10008,Alice Romualdez,HR Rank and File,22500.00,2500.00,7986.21,1125.00,562.50,200.00,0.00,6098.71,PAID
January 2024,10009,Rosie Atienza,HR Rank and File,22500.00,2500.00,7986.21,1125.00,562.50,200.00,0.00,6098.71,PAID
January 2024,10010,Roderick Alvaro,Accounting Head,52670.00,3500.00,16342.74,1750.00,1316.75,200.00,0.00,13075.99,PAID
January 2024,10011,Anthony Salcedo,Payroll Manager,50825.00,3500.00,15892.92,1750.00,1270.63,200.00,0.00,12672.29,PAID
January 2024,10012,Josie Lopez,Payroll Team Leader,38475.00,3100.00,12481.61,1750.00,961.88,200.00,0.00,9569.73,PAID
January 2024,10013,Martha Farala,Payroll Rank and File,24000.00,2500.00,8352.08,1200.00,600.00,200.00,0.00,6352.08,PAID
January 2024,10014,Leila Martinez,Payroll Rank and File,24000.00,2500.00,8352.08,1200.00,600.00,200.00,0.00,6352.08,PAID
January 2024,10015,Fredrick Romualdez,Account Manager,53500.00,3500.00,16545.30,1750.00,1337.50,200.00,0.00,13257.80,PAID
January 2024,10016,Christian Mata,Account Team Leader,42975.00,3100.00,13578.76,1750.00,1074.38,200.00,0.00,10554.38,PAID
January 2024,10017,Selena De Leon,Account Team Leader,41850.00,3100.00,13304.53,1750.00,1046.25,200.00,0.00,10308.28,PAID
January 2024,10018,Allison San Jose,Account Rank and File,22500.00,2500.00,7986.21,1125.00,562.50,200.00,0.00,6098.71,PAID
January 2024,10019,Cydney Rosario,Account Rank and File,22500.00,2500.00,7986.21,1125.00,562.50,200.00,0.00,6098.71,PAID
January 2024,10020,Mark Bautista,Account Rank and File,23250.00,2500.00,8169.26,1175.00,581.25,200.00,0.00,6213.01,PAID
January 2024,10021,Darlene Lazaro,Account Rank and File,23250.00,2500.00,8169.26,1175.00,581.25,200.00,0.00,6213.01,PAID
January 2024,10022,Kolby Delos Santos,Account Rank and File,24000.00,2500.00,8352.08,1200.00,600.00,200.00,0.00,6352.08,PAID
January 2024,10023,Vella Santos,Account Rank and File,22500.00,2500.00,7986.21,1125.00,562.50,200.00,0.00,6098.71,PAID
January 2024,10024,Tomas Del Rosario,Account Rank and File,22500.00,2500.00,7986.21,1125.00,562.50,200.00,0.00,6098.71,PAID
January 2024,10025,Jacklyn Tolentino,Account Rank and File,24000.00,2500.00,8352.08,1200.00,600.00,200.00,0.00,6352.08,PAID
January 2024,10026,Percival Gutierrez,Account Rank and File,24750.00,2500.00,8534.90,1250.00,618.75,200.00,0.00,6466.15,PAID
January 2024,10027,Garfield Manalaysay,Account Rank and File,24750.00,2500.00,8534.90,1250.00,618.75,200.00,0.00,6466.15,PAID
January 2024,10028,Lizeth Villegas,Account Rank and File,24000.00,2500.00,8352.08,1200.00,600.00,200.00,0.00,6352.08,PAID
January 2024,10029,Carol Ramos,Account Rank and File,22500.00,2500.00,7986.21,1125.00,562.50,200.00,0.00,6098.71,PAID
January 2024,10030,Emelia Maceda,Account Rank and File,22500.00,2500.00,7986.21,1125.00,562.50,200.00,0.00,6098.71,PAID
January 2024,10031,Delia Aguilar,Account Rank and File,22500.00,2500.00,7986.21,1125.00,562.50,200.00,0.00,6098.71,PAID
January 2024,10032,John Rafael Castro,Sales & Marketing,52670.00,3500.00,16342.74,1750.00,1316.75,200.00,0.00,13075.99,PAID
January 2024,10033,Carlos Ian Martinez,Supply Chain and Logistics,52670.00,3500.00,16342.74,1750.00,1316.75,200.00,0.00,13075.99,PAID
January 2024,10034,Beatriz Santos,Customer Service and Relations,52670.00,3500.00,16342.74,1750.00,1316.75,200.00,0.00,13075.99,PAID
January 2024,10035,asdads asdasdadsads,HR Manager,1111.00,2333.00,2603.81,250.00,250.00,11.11,0.00,2092.70,PAID
January 2024,10036,Abigai asdasd,Accounting Head,1234.00,6678987.00,6679287.89,250.00,250.00,12.34,2286875.63,4391899.92,PAID
January 2024,10038,ddasddasd asdadsadsads,IT Operations and Systems,233333.00,600.00,57494.94,1750.00,2500.00,200.00,5737.39,47307.55,PAID
January 2024,10039,Juan Delacruz,IT Operations and Systems,0.00,3500.00,3500.00,0.00,0.00,0.00,0.00,3500.00,PAID
January 2024,10041,dsdfsdf dfssdfssdf,Chief Operating Officer,60000.00,4500.00,19130.20,1750.00,1500.00,200.00,0.00,15680.20,PAID
July 2024,10001,Manuel III Garcia,Chief Executive Officer,90000.00,4500.00,80365.09,1750.00,2250.00,200.00,10395.49,65769.60,PAID
July 2024,10002,Antonio Lim,Chief Operating Officer,60000.00,4500.00,50852.08,1750.00,1500.00,200.00,4272.15,43129.93,PAID
July 2024,10003,Bianca Sofia Aquino,Chief Finance Officer,60000.00,4500.00,55606.86,1750.00,1500.00,200.00,5223.11,46933.75,PAID
July 2024,10004,Isabella Reyes,Chief Marketing Officer,60000.00,4500.00,54037.00,1750.00,1500.00,200.00,4909.13,45677.87,PAID
July 2024,10005,Eduard Hernandez,IT Operations and Systems,52670.00,3500.00,45812.74,1750.00,1316.75,200.00,3300.93,39245.06,PAID
July 2024,10006,Andrea Mae Villanueva,HR Manager,52670.00,3500.00,47017.66,1750.00,1316.75,200.00,3541.92,40208.99,PAID
July 2024,10007,Brad San Jose,HR Team Leader,42975.00,3100.00,37633.04,1750.00,1074.38,200.00,1753.85,32854.81,PAID
July 2024,10008,Alice Romualdez,HR Rank and File,22500.00,2500.00,21851.52,1125.00,562.50,200.00,0.00,19964.02,PAID
July 2024,10009,Rosie Atienza,HR Rank and File,22500.00,2500.00,20769.67,1125.00,562.50,200.00,0.00,18882.17,PAID
July 2024,10010,Roderick Alvaro,Accounting Head,52670.00,3500.00,46364.70,1750.00,1316.75,200.00,3411.32,39686.63,PAID
July 2024,10011,Anthony Salcedo,Payroll Manager,50825.00,3500.00,46370.53,1750.00,1270.63,200.00,3421.71,39728.19,PAID
July 2024,10012,Josie Lopez,Payroll Team Leader,38475.00,3100.00,33998.59,1750.00,961.88,200.00,1225.56,29861.15,PAID
July 2024,10013,Martha Farala,Payroll Rank and File,24000.00,2500.00,22844.11,1200.00,600.00,200.00,0.00,20844.11,PAID
July 2024,10014,Leila Martinez,Payroll Rank and File,24000.00,2500.00,21987.67,1200.00,600.00,200.00,0.00,19987.67,PAID
July 2024,10015,Fredrick Romualdez,Account Manager,53500.00,3500.00,46736.09,1750.00,1337.50,200.00,3481.45,39967.14,PAID
July 2024,10016,Christian Mata,Account Team Leader,42975.00,3100.00,38307.11,1750.00,1074.38,200.00,1854.96,33427.77,PAID
July 2024,10017,Selena De Leon,Account Team Leader,41850.00,3100.00,40028.33,1750.00,1046.25,200.00,2198.15,34833.93,PAID
July 2024,10018,Allison San Jose,Account Rank and File,22500.00,2500.00,22136.62,1125.00,562.50,200.00,0.00,20249.12,PAID
July 2024,10019,Cydney Rosario,Account Rank and File,22500.00,2500.00,21321.38,1125.00,562.50,200.00,0.00,19433.88,PAID
July 2024,10020,Mark Bautista,Account Rank and File,23250.00,2500.00,21197.16,1175.00,581.25,200.00,0.00,19240.91,PAID
July 2024,10021,Darlene Lazaro,Account Rank and File,23250.00,2500.00,22251.37,1175.00,581.25,200.00,0.00,20295.12,PAID
July 2024,10022,Kolby Delos Santos,Account Rank and File,24000.00,2500.00,21969.60,1200.00,600.00,200.00,0.00,19969.60,PAID
July 2024,10023,Vella Santos,Account Rank and File,22500.00,2500.00,20783.54,1125.00,562.50,200.00,0.00,18896.04,PAID
July 2024,10024,Tomas Del Rosario,Account Rank and File,22500.00,2500.00,21131.82,1125.00,562.50,200.00,0.00,19244.32,PAID
July 2024,10025,Jacklyn Tolentino,Account Rank and File,24000.00,2500.00,21448.50,1200.00,600.00,200.00,0.00,19448.50,PAID
July 2024,10026,Percival Gutierrez,Account Rank and File,24750.00,2500.00,22789.91,1250.00,618.75,200.00,0.00,20721.16,PAID
July 2024,10027,Garfield Manalaysay,Account Rank and File,24750.00,2500.00,21830.42,1250.00,618.75,200.00,0.00,19761.67,PAID
July 2024,10028,Lizeth Villegas,Account Rank and File,24000.00,2500.00,22934.53,1200.00,600.00,200.00,0.00,20934.53,PAID
July 2024,10029,Carol Ramos,Account Rank and File,22500.00,2500.00,21809.91,1125.00,562.50,200.00,0.00,19922.41,PAID
July 2024,10030,Emelia Maceda,Account Rank and File,22500.00,2500.00,20429.09,1125.00,562.50,200.00,0.00,18541.59,PAID
July 2024,10031,Delia Aguilar,Account Rank and File,22500.00,2500.00,20634.05,1125.00,562.50,200.00,0.00,18746.55,PAID
July 2024,10032,John Rafael Castro,Sales & Marketing,52670.00,3500.00,46819.25,1750.00,1316.75,200.00,3502.23,40050.27,PAID
July 2024,10033,Carlos Ian Martinez,Supply Chain and Logistics,52670.00,3500.00,49034.29,1750.00,1316.75,200.00,3945.24,41822.30,PAID
July 2024,10034,Beatriz Santos,Customer Service and Relations,52670.00,3500.00,46465.71,1750.00,1316.75,200.00,3431.53,39767.43,PAID
July 2024,10035,asdads asdasdadsads,HR Manager,1111.00,2333.00,2603.81,250.00,250.00,11.11,0.00,2092.70,PAID
July 2024,10036,Abigai asdasd,Accounting Head,1234.00,6678987.00,6679287.89,250.00,250.00,12.34,2286875.63,4391899.92,PAID
July 2024,10038,ddasddasd asdadsadsads,IT Operations and Systems,233333.00,600.00,57494.94,1750.00,2500.00,200.00,5737.39,47307.55,PAID
July 2024,10039,Juan Delacruz,IT Operations and Systems,0.00,3500.00,3500.00,0.00,0.00,0.00,0.00,3500.00,PAID
July 2024,10041,dsdfsdf dfssdfssdf,Chief Operating Officer,60000.00,4500.00,19130.20,1750.00,1500.00,200.00,0.00,15680.20,PAID
May 2024,10001,Manuel III Garcia,Chief Executive Officer,90000.00,4500.00,26445.30,1750.00,2250.00,200.00,0.00,22245.30,PAID
May 2024,10002,Antonio Lim,Chief Operating Officer,60000.00,4500.00,19130.20,1750.00,1500.00,200.00,0.00,15680.20,PAID
May 2024,10003,Bianca Sofia Aquino,Chief Finance Officer,60000.00,4500.00,19130.20,1750.00,1500.00,200.00,0.00,15680.20,PAID
May 2024,10004,Isabella Reyes,Chief Marketing Officer,60000.00,4500.00,19130.20,1750.00,1500.00,200.00,0.00,15680.20,PAID
May 2024,10005,Eduard Hernandez,IT Operations and Systems,52670.00,3500.00,16342.74,1750.00,1316.75,200.00,0.00,13075.99,PAID
May 2024,10006,Andrea Mae Villanueva,HR Manager,52670.00,3500.00,16342.74,1750.00,1316.75,200.00,0.00,13075.99,PAID
May 2024,10007,Brad San Jose,HR Team Leader,42975.00,3100.00,13578.76,1750.00,1074.38,200.00,0.00,10554.38,PAID
May 2024,10008,Alice Romualdez,HR Rank and File,22500.00,2500.00,7986.21,1125.00,562.50,200.00,0.00,6098.71,PAID
May 2024,10009,Rosie Atienza,HR Rank and File,22500.00,2500.00,7986.21,1125.00,562.50,200.00,0.00,6098.71,PAID
May 2024,10010,Roderick Alvaro,Accounting Head,52670.00,3500.00,16342.74,1750.00,1316.75,200.00,0.00,13075.99,PAID
May 2024,10011,Anthony Salcedo,Payroll Manager,50825.00,3500.00,15892.92,1750.00,1270.63,200.00,0.00,12672.29,PAID
May 2024,10012,Josie Lopez,Payroll Team Leader,38475.00,3100.00,12481.61,1750.00,961.88,200.00,0.00,9569.73,PAID
May 2024,10013,Martha Farala,Payroll Rank and File,24000.00,2500.00,8352.08,1200.00,600.00,200.00,0.00,6352.08,PAID
May 2024,10014,Leila Martinez,Payroll Rank and File,24000.00,2500.00,8352.08,1200.00,600.00,200.00,0.00,6352.08,PAID
May 2024,10015,Fredrick Romualdez,Account Manager,53500.00,3500.00,16545.30,1750.00,1337.50,200.00,0.00,13257.80,PAID
May 2024,10016,Christian Mata,Account Team Leader,42975.00,3100.00,13578.76,1750.00,1074.38,200.00,0.00,10554.38,PAID
May 2024,10017,Selena De Leon,Account Team Leader,41850.00,3100.00,13304.53,1750.00,1046.25,200.00,0.00,10308.28,PAID
May 2024,10018,Allison San Jose,Account Rank and File,22500.00,2500.00,7986.21,1125.00,562.50,200.00,0.00,6098.71,PAID
May 2024,10019,Cydney Rosario,Account Rank and File,22500.00,2500.00,7986.21,1125.00,562.50,200.00,0.00,6098.71,PAID
May 2024,10020,Mark Bautista,Account Rank and File,23250.00,2500.00,8169.26,1175.00,581.25,200.00,0.00,6213.01,PAID
May 2024,10021,Darlene Lazaro,Account Rank and File,23250.00,2500.00,8169.26,1175.00,581.25,200.00,0.00,6213.01,PAID
May 2024,10022,Kolby Delos Santos,Account Rank and File,24000.00,2500.00,8352.08,1200.00,600.00,200.00,0.00,6352.08,PAID
May 2024,10023,Vella Santos,Account Rank and File,22500.00,2500.00,7986.21,1125.00,562.50,200.00,0.00,6098.71,PAID
May 2024,10024,Tomas Del Rosario,Account Rank and File,22500.00,2500.00,7986.21,1125.00,562.50,200.00,0.00,6098.71,PAID
May 2024,10025,Jacklyn Tolentino,Account Rank and File,24000.00,2500.00,8352.08,1200.00,600.00,200.00,0.00,6352.08,PAID
May 2024,10026,Percival Gutierrez,Account Rank and File,24750.00,2500.00,8534.90,1250.00,618.75,200.00,0.00,6466.15,PAID
May 2024,10027,Garfield Manalaysay,Account Rank and File,24750.00,2500.00,8534.90,1250.00,618.75,200.00,0.00,6466.15,PAID
May 2024,10028,Lizeth Villegas,Account Rank and File,24000.00,2500.00,8352.08,1200.00,600.00,200.00,0.00,6352.08,PAID
May 2024,10029,Carol Ramos,Account Rank and File,22500.00,2500.00,7986.21,1125.00,562.50,200.00,0.00,6098.71,PAID
May 2024,10030,Emelia Maceda,Account Rank and File,22500.00,2500.00,7986.21,1125.00,562.50,200.00,0.00,6098.71,PAID
May 2024,10031,Delia Aguilar,Account Rank and File,22500.00,2500.00,7986.21,1125.00,562.50,200.00,0.00,6098.71,PAID
May 2024,10032,John Rafael Castro,Sales & Marketing,52670.00,3500.00,16342.74,1750.00,1316.75,200.00,0.00,13075.99,PAID
May 2024,10033,Carlos Ian Martinez,Supply Chain and Logistics,52670.00,3500.00,16342.74,1750.00,1316.75,200.00,0.00,13075.99,PAID
May 2024,10034,Beatriz Santos,Customer Service and Relations,52670.00,3500.00,16342.74,1750.00,1316.75,200.00,0.00,13075.99,PAID
May 2024,10035,asdads asdasdadsads,HR Manager,1111.00,2333.00,2603.81,250.00,250.00,11.11,0.00,2092.70,PAID
May 2024,10036,Abigai asdasd,Accounting Head,1234.00,6678987.00,6679287.89,250.00,250.00,12.34,2286875.63,4391899.92,PAID
May 2024,10038,ddasddasd asdadsadsads,IT Operations and Systems,233333.00,600.00,57494.94,1750.00,2500.00,200.00,5737.39,47307.55,PAID
May 2024,10039,Juan Delacruz,IT Operations and Systems,0.00,3500.00,3500.00,0.00,0.00,0.00,0.00,3500.00,PAID
May 2024,10041,dsdfsdf dfssdfssdf,Chief Operating Officer,60000.00,4500.00,19130.20,1750.00,1500.00,200.00,0.00,15680.20,PAID
